{
  "execution_timestamp": "20260428_230351",
  "best_model": "Ensemble",
  "dataset_size": 7200,
  "features_selected": [
    "age",
    "sex",
    "TSH",
    "T3",
    "T4",
    "T4U",
    "FTI",
    "on_thyroxine",
    "on_antithyroid",
    "goitre",
    "query_hypothyroid",
    "query_hyperthyroid"
  ],
  "target_classes": [
    "hyperthyroid",
    "hypothyroid",
    "negative"
  ],
  "performance_metrics": {
    "XGBoost": {
      "accuracy": 0.9738888888888889,
      "precision": 0.9740281541704305,
      "recall": 0.9738888888888889,
      "f1_score": 0.9739148657124936
    },
    "RandomForest": {
      "accuracy": 0.9755555555555555,
      "precision": 0.9757070060686777,
      "recall": 0.9755555555555555,
      "f1_score": 0.975590769002343
    },
    "Ensemble": {
      "accuracy": 0.9761111111111112,
      "precision": 0.9762362065083208,
      "recall": 0.9761111111111112,
      "f1_score": 0.9761416665364034
    }
  }
}